question,answer
"Explain the concept of ""Chapter 1: Introduction to Generative AI: Drawing Data from Models"" as presented in the textbook.","The textbook describes ""Chapter 1: Introduction to Generative AI: Drawing Data from Models"" in detail. [Insert concise explanation based on context here]"
"Explain the concept of ""Chapter 2: Building Blocks of Deep Neural Networks"" as presented in the textbook.","The textbook describes ""Chapter 2: Building Blocks of Deep Neural Networks"" in detail. [Insert concise explanation based on context here]"
"Explain the concept of ""Chapter 3: The Rise of Methods for Text Generation"" as presented in the textbook.","The textbook describes ""Chapter 3: The Rise of Methods for Text Generation"" in detail. [Insert concise explanation based on context here]"
"Explain the concept of ""Chapter 4: NLP 2.0: Using Transformers to Generate Text"" as presented in the textbook.","The textbook describes ""Chapter 4: NLP 2.0: Using Transformers to Generate Text"" in detail. [Insert concise explanation based on context here]"
"Explain the concept of ""Chapter 5: LLM Foundations"" as presented in the textbook.","The textbook describes ""Chapter 5: LLM Foundations"" in detail. [Insert concise explanation based on context here]"
"Explain the concept of ""Chapter 6: Open-Source LLMs"" as presented in the textbook.","The textbook describes ""Chapter 6: Open-Source LLMs"" in detail. [Insert concise explanation based on context here]"
"Explain the concept of ""Chapter 7: Prompt Engineering"" as presented in the textbook.","The textbook describes ""Chapter 7: Prompt Engineering"" in detail. [Insert concise explanation based on context here]"
"Explain the concept of ""Chapter 8: LLM Toolbox"" as presented in the textbook.","The textbook describes ""Chapter 8: LLM Toolbox"" in detail. [Insert concise explanation based on context here]"
"Explain the concept of ""Chapter 9: LLM Optimization Techniques"" as presented in the textbook.","The textbook describes ""Chapter 9: LLM Optimization Techniques"" in detail. [Insert concise explanation based on context here]"
"Explain the concept of ""Chapter 10: Emerging Applications in Generative AI"" as presented in the textbook.","The textbook describes ""Chapter 10: Emerging Applications in Generative AI"" in detail. [Insert concise explanation based on context here]"
"Explain the concept of ""Chapter 11: Neural Networks Using VAEs"" as presented in the textbook.","The textbook describes ""Chapter 11: Neural Networks Using VAEs"" in detail. [Insert concise explanation based on context here]"
"Explain the concept of ""Chapter 12: Image Generation with GANs"" as presented in the textbook.","The textbook describes ""Chapter 12: Image Generation with GANs"" in detail. [Insert concise explanation based on context here]"
"Explain the concept of ""Chapter 13: Style Transfer with GANs"" as presented in the textbook.","The textbook describes ""Chapter 13: Style Transfer with GANs"" in detail. [Insert concise explanation based on context here]"
"Explain the concept of ""Chapter 14: Deepfakes with GANs"" as presented in the textbook.","The textbook describes ""Chapter 14: Deepfakes with GANs"" in detail. [Insert concise explanation based on context here]"
"Explain the concept of ""Chapter 15: Diffusion Models and AI Art"" as presented in the textbook.","The textbook describes ""Chapter 15: Diffusion Models and AI Art"" in detail. [Insert concise explanation based on context here]"
"Explain the concept of ""Chapter 1, Introduction to Generative AI: Drawing Data from Models, sets the stage for understanding"" as presented in the textbook.","The textbook describes ""Chapter 1, Introduction to Generative AI: Drawing Data from Models, sets the stage for understanding"" in detail. [Insert concise explanation based on context here]"
"Explain the concept of ""Chapter 2, Building Blocks of Deep Neural Networks, takes a step back to explore the foundational"" as presented in the textbook.","The textbook describes ""Chapter 2, Building Blocks of Deep Neural Networks, takes a step back to explore the foundational"" in detail. [Insert concise explanation based on context here]"
"Explain the concept of ""Chapter 3, The Rise of Methods for Text Generation, introduces concepts and techniques related to"" as presented in the textbook.","The textbook describes ""Chapter 3, The Rise of Methods for Text Generation, introduces concepts and techniques related to"" in detail. [Insert concise explanation based on context here]"
"Explain the concept of ""Chapter 4, NLP 2.0: Using Transformers to Generate Text, covers the latest and greatest in the"" as presented in the textbook.","The textbook describes ""Chapter 4, NLP 2.0: Using Transformers to Generate Text, covers the latest and greatest in the"" in detail. [Insert concise explanation based on context here]"
"Explain the concept of ""Chapter 5, LLM Foundations, explores the foundational aspects of LLMs, which have emerged as"" as presented in the textbook.","The textbook describes ""Chapter 5, LLM Foundations, explores the foundational aspects of LLMs, which have emerged as"" in detail. [Insert concise explanation based on context here]"
"Explain the concept of ""Chapter 6, Open-Source LLMs, introduces some of the leading open-source LLMs, including Falcon,"" as presented in the textbook.","The textbook describes ""Chapter 6, Open-Source LLMs, introduces some of the leading open-source LLMs, including Falcon,"" in detail. [Insert concise explanation based on context here]"
"Explain the concept of ""Chapter 7, Prompt Engineering, goes into the evolving field of prompt engineering, which bridges"" as presented in the textbook.","The textbook describes ""Chapter 7, Prompt Engineering, goes into the evolving field of prompt engineering, which bridges"" in detail. [Insert concise explanation based on context here]"
"Explain the concept of ""Chapter 8, LLM Toolbox, moves beyond basic prompt interactions and explores the tools that turn"" as presented in the textbook.","The textbook describes ""Chapter 8, LLM Toolbox, moves beyond basic prompt interactions and explores the tools that turn"" in detail. [Insert concise explanation based on context here]"
"Explain the concept of ""Chapter 9, LLM Optimization Techniques, focuses on optimizing transformer-based architectures"" as presented in the textbook.","The textbook describes ""Chapter 9, LLM Optimization Techniques, focuses on optimizing transformer-based architectures"" in detail. [Insert concise explanation based on context here]"
"Explain the concept of ""Chapter 10, Emerging Applications in Generative AI, explores the cutting-edge advancements shaping"" as presented in the textbook.","The textbook describes ""Chapter 10, Emerging Applications in Generative AI, explores the cutting-edge advancements shaping"" in detail. [Insert concise explanation based on context here]"
"Explain the concept of ""Chapter 11, Neural Networks Using VAEs, introduces Variational Autoencoders (VAEs), a powerful"" as presented in the textbook.","The textbook describes ""Chapter 11, Neural Networks Using VAEs, introduces Variational Autoencoders (VAEs), a powerful"" in detail. [Insert concise explanation based on context here]"
"Explain the concept of ""Chapter 12, Image Generation with GANs, introduces Generative Adversarial Networks (GANs) as"" as presented in the textbook.","The textbook describes ""Chapter 12, Image Generation with GANs, introduces Generative Adversarial Networks (GANs) as"" in detail. [Insert concise explanation based on context here]"
"Explain the concept of ""Chapter 13, Style Transfer with GANs, focuses upon a creative application of generative modeling,"" as presented in the textbook.","The textbook describes ""Chapter 13, Style Transfer with GANs, focuses upon a creative application of generative modeling,"" in detail. [Insert concise explanation based on context here]"
"Explain the concept of ""Chapter 14, Deepfakes with GANs, introduces an interesting and controversial application of"" as presented in the textbook.","The textbook describes ""Chapter 14, Deepfakes with GANs, introduces an interesting and controversial application of"" in detail. [Insert concise explanation based on context here]"
"Explain the concept of ""Chapter 15, Diffusion Models and AI Art, show you how diffusion models work, how they compare"" as presented in the textbook.","The textbook describes ""Chapter 15, Diffusion Models and AI Art, show you how diffusion models work, how they compare"" in detail. [Insert concise explanation based on context here]"
"Explain the concept of ""Chapter 6, we will dive deeper into the most famous open-source models in the current LLM"" as presented in the textbook.","The textbook describes ""Chapter 6, we will dive deeper into the most famous open-source models in the current LLM"" in detail. [Insert concise explanation based on context here]"
"Explain the concept of ""Chapter 4, and the ability of restricted Boltzmann machines to simulate independent data samples."" as presented in the textbook.","The textbook describes ""Chapter 4, and the ability of restricted Boltzmann machines to simulate independent data samples."" in detail. [Insert concise explanation based on context here]"
"Explain the concept of ""29. In addition to changing the contents of an image (as in the preceding zebra example),"" as presented in the textbook.","The textbook describes ""29. In addition to changing the contents of an image (as in the preceding zebra example),"" in detail. [Insert concise explanation based on context here]"
"Explain the concept of ""8. Fox News. 2018. “Terrifying High-Tech Porn: Creepy ‘Deepfake’ Videos Are on the Rise.”"" as presented in the textbook.","The textbook describes ""8. Fox News. 2018. “Terrifying High-Tech Porn: Creepy ‘Deepfake’ Videos Are on the Rise.”"" in detail. [Insert concise explanation based on context here]"
"Explain the concept of ""10. A Chatbot Dialogue Created Using GPT-2. Devopstar. https://devopstar.com/static/2"" as presented in the textbook.","The textbook describes ""10. A Chatbot Dialogue Created Using GPT-2. Devopstar. https://devopstar.com/static/2"" in detail. [Insert concise explanation based on context here]"
"Explain the concept of ""11. OpenAI. 2019. “Better Language Models and Their Implications.” OpenAI Blog. https://"" as presented in the textbook.","The textbook describes ""11. OpenAI. 2019. “Better Language Models and Their Implications.” OpenAI Blog. https://"" in detail. [Insert concise explanation based on context here]"
"Explain the concept of ""12. Google Research. 2018. “Google Duplex: An AI System for Accomplishing Real-World"" as presented in the textbook.","The textbook describes ""12. Google Research. 2018. “Google Duplex: An AI System for Accomplishing Real-World"" in detail. [Insert concise explanation based on context here]"
"Explain the concept of ""13. Software That Generates Original Musical Compositions. MuseGAN. https://salu133445."" as presented in the textbook.","The textbook describes ""13. Software That Generates Original Musical Compositions. MuseGAN. https://salu133445."" in detail. [Insert concise explanation based on context here]"
"Explain the concept of ""14. Kolmogorov, Andrey. 1950 [1933]. Foundations of the Theory of Probability. New York,"" as presented in the textbook.","The textbook describes ""14. Kolmogorov, Andrey. 1950 [1933]. Foundations of the Theory of Probability. New York,"" in detail. [Insert concise explanation based on context here]"
"Explain the concept of ""15. Jebara, Tony. 2004. Machine Learning: Discriminative and Generative. Kluwer Academic"" as presented in the textbook.","The textbook describes ""15. Jebara, Tony. 2004. Machine Learning: Discriminative and Generative. Kluwer Academic"" in detail. [Insert concise explanation based on context here]"
"Explain the concept of ""16. Ng, Andrew Y., and Michael I. Jordan. 2002. “On Discriminative vs. Generative Classifiers:"" as presented in the textbook.","The textbook describes ""16. Ng, Andrew Y., and Michael I. Jordan. 2002. “On Discriminative vs. Generative Classifiers:"" in detail. [Insert concise explanation based on context here]"
"Explain the concept of ""17. Mitchell, Tom M. 2015. “Generative and Discriminative Classifiers: Naive Bayes and"" as presented in the textbook.","The textbook describes ""17. Mitchell, Tom M. 2015. “Generative and Discriminative Classifiers: Naive Bayes and"" in detail. [Insert concise explanation based on context here]"
"Explain the concept of ""18. Bayes, Thomas, and Richard Price. 1763. “An Essay towards Solving a Problem in the"" as presented in the textbook.","The textbook describes ""18. Bayes, Thomas, and Richard Price. 1763. “An Essay towards Solving a Problem in the"" in detail. [Insert concise explanation based on context here]"
"Explain the concept of ""19. Ho, Tin Kam. 1995. “Random Decision Forests.” Proceedings of the 3rd International"" as presented in the textbook.","The textbook describes ""19. Ho, Tin Kam. 1995. “Random Decision Forests.” Proceedings of the 3rd International"" in detail. [Insert concise explanation based on context here]"
"Explain the concept of ""20. Breiman, L. 2001. “Random Forests.” Machine Learning 45 (1): 5–32."" as presented in the textbook.","The textbook describes ""20. Breiman, L. 2001. “Random Forests.” Machine Learning 45 (1): 5–32."" in detail. [Insert concise explanation based on context here]"
"Explain the concept of ""21. Friedman, J. H. 1999. “Greedy Function Approximation: A Gradient Boosting Machine.”"" as presented in the textbook.","The textbook describes ""21. Friedman, J. H. 1999. “Greedy Function Approximation: A Gradient Boosting Machine.”"" in detail. [Insert concise explanation based on context here]"
"Explain the concept of ""22. Cortes, Corinna, and Vladimir N. Vapnik. 1995. “Support-Vector Networks.” Machine"" as presented in the textbook.","The textbook describes ""22. Cortes, Corinna, and Vladimir N. Vapnik. 1995. “Support-Vector Networks.” Machine"" in detail. [Insert concise explanation based on context here]"
"Explain the concept of ""23. Kingma, Diederik P., and Max Welling. 2022. “Auto-Encoding Variational Bayes.” arXiv."" as presented in the textbook.","The textbook describes ""23. Kingma, Diederik P., and Max Welling. 2022. “Auto-Encoding Variational Bayes.” arXiv."" in detail. [Insert concise explanation based on context here]"
"Explain the concept of ""24. Sample Images from a VAE: https://miro.medium.com/max/2880/1*jcCjbdnN4uEowuH"" as presented in the textbook.","The textbook describes ""24. Sample Images from a VAE: https://miro.medium.com/max/2880/1*jcCjbdnN4uEowuH"" in detail. [Insert concise explanation based on context here]"
"Explain the concept of ""25. Chen, Ricky T. Q., Xuechen Li, Roger Grosse, and David Duvenaud. 2019. “Isolating"" as presented in the textbook.","The textbook describes ""25. Chen, Ricky T. Q., Xuechen Li, Roger Grosse, and David Duvenaud. 2019. “Isolating"" in detail. [Insert concise explanation based on context here]"
"Explain the concept of ""26. Esser, Patrick, Johannes Haux, and Björn Ommer. 2019. “Unsupervised Robust"" as presented in the textbook.","The textbook describes ""26. Esser, Patrick, Johannes Haux, and Björn Ommer. 2019. “Unsupervised Robust"" in detail. [Insert concise explanation based on context here]"
"Explain the concept of ""27. CycleGANs Apply Stripes to Horses to Generate Zebras.” GitHub. https://github.com/"" as presented in the textbook.","The textbook describes ""27. CycleGANs Apply Stripes to Horses to Generate Zebras.” GitHub. https://github.com/"" in detail. [Insert concise explanation based on context here]"
"Explain the concept of ""28. Bourached, Anthony, and George Cann. 2019. “Raiders of the Lost Art.” arXiv. https://"" as presented in the textbook.","The textbook describes ""28. Bourached, Anthony, and George Cann. 2019. “Raiders of the Lost Art.” arXiv. https://"" in detail. [Insert concise explanation based on context here]"
"Explain the concept of ""29. Goodfellow, Ian, Jean Pouget-Abadie, Mehdi Mirza, Bing Xu, David Warde-Farley, Sherjil"" as presented in the textbook.","The textbook describes ""29. Goodfellow, Ian, Jean Pouget-Abadie, Mehdi Mirza, Bing Xu, David Warde-Farley, Sherjil"" in detail. [Insert concise explanation based on context here]"
"Explain the concept of ""30. Hindawi Journal of Mathematical Problems in Engineering. 2020. https://www.hindawi."" as presented in the textbook.","The textbook describes ""30. Hindawi Journal of Mathematical Problems in Engineering. 2020. https://www.hindawi."" in detail. [Insert concise explanation based on context here]"
"Explain the concept of ""31. Gorti, Satya, and Jeremy Ma. 2018. “Text-to-Image-to-Text Translation Using Cycle"" as presented in the textbook.","The textbook describes ""31. Gorti, Satya, and Jeremy Ma. 2018. “Text-to-Image-to-Text Translation Using Cycle"" in detail. [Insert concise explanation based on context here]"
"Explain the concept of ""32. arXiv. 2021. https://arxiv.org/pdf/2112.10752.pdf."" as presented in the textbook.","The textbook describes ""32. arXiv. 2021. https://arxiv.org/pdf/2112.10752.pdf."" in detail. [Insert concise explanation based on context here]"
"Explain the concept of ""33. Weizenbaum, Joseph. 1976. Computer Power and Human Reason: From Judgment to"" as presented in the textbook.","The textbook describes ""33. Weizenbaum, Joseph. 1976. Computer Power and Human Reason: From Judgment to"" in detail. [Insert concise explanation based on context here]"
"Explain the concept of ""34. Schwartz, Barry. 2019. “Welcome BERT: Google’s Latest Search Algorithm to Better"" as presented in the textbook.","The textbook describes ""34. Schwartz, Barry. 2019. “Welcome BERT: Google’s Latest Search Algorithm to Better"" in detail. [Insert concise explanation based on context here]"
"Explain the concept of ""35. X post: https://x.com/TonyHoWasHere/status/1636347961813655557."" as presented in the textbook.","The textbook describes ""35. X post: https://x.com/TonyHoWasHere/status/1636347961813655557."" in detail. [Insert concise explanation based on context here]"
"Explain the concept of ""36. TheSequence. 2023. “Edge 314: A Deep Dive into Llama 2: Meta AI LLM That Has Become"" as presented in the textbook.","The textbook describes ""36. TheSequence. 2023. “Edge 314: A Deep Dive into Llama 2: Meta AI LLM That Has Become"" in detail. [Insert concise explanation based on context here]"
"Explain the concept of ""37. Gupta, Anant, Srivas Venkatesh, Sumit Chopra, and Christian Ledig. 2019. “Generative"" as presented in the textbook.","The textbook describes ""37. Gupta, Anant, Srivas Venkatesh, Sumit Chopra, and Christian Ledig. 2019. “Generative"" in detail. [Insert concise explanation based on context here]"
"Explain the concept of ""38. Mulé, Sébastien, Littisha Lawrance, Younes Belkouchi, and Valérie Vilgrain. 2022."" as presented in the textbook.","The textbook describes ""38. Mulé, Sébastien, Littisha Lawrance, Younes Belkouchi, and Valérie Vilgrain. 2022."" in detail. [Insert concise explanation based on context here]"
"Explain the concept of ""39. Shapiro, Danny. 2023. “Generative AI Revs Up New Age in Auto Industry, from Design and"" as presented in the textbook.","The textbook describes ""39. Shapiro, Danny. 2023. “Generative AI Revs Up New Age in Auto Industry, from Design and"" in detail. [Insert concise explanation based on context here]"
"Explain the concept of ""Chapter 11, Painting Pictures with Neural Networks Using VAEs, of this book. Generally speaking, we"" as presented in the textbook.","The textbook describes ""Chapter 11, Painting Pictures with Neural Networks Using VAEs, of this book. Generally speaking, we"" in detail. [Insert concise explanation based on context here]"
"Explain the concept of ""7. Building on Hebb’s proposal that weights change over time, researcher"" as presented in the textbook.","The textbook describes ""7. Building on Hebb’s proposal that weights change over time, researcher"" in detail. [Insert concise explanation based on context here]"
"Explain the concept of ""8. He replaced the fixed weights in the TLU model with adaptive weights and added a bias"" as presented in the textbook.","The textbook describes ""8. He replaced the fixed weights in the TLU model with adaptive weights and added a bias"" in detail. [Insert concise explanation based on context here]"
"Explain the concept of ""9. This meant that instead of having a very sparse structure, like biological"" as presented in the textbook.","The textbook describes ""9. This meant that instead of having a very sparse structure, like biological"" in detail. [Insert concise explanation based on context here]"
"Explain the concept of ""893. 10.21608/auej.2017.19198. https://jaes.journals.ekb.eg/article_19198.html"" as presented in the textbook.","The textbook describes ""893. 10.21608/auej.2017.19198. https://jaes.journals.ekb.eg/article_19198.html"" in detail. [Insert concise explanation based on context here]"
"Explain the concept of ""5. Artificial neuron. Wikipedia. Retrieved April 26, 2021, from https://en.wikipedia.org/"" as presented in the textbook.","The textbook describes ""5. Artificial neuron. Wikipedia. Retrieved April 26, 2021, from https://en.wikipedia.org/"" in detail. [Insert concise explanation based on context here]"
"Explain the concept of ""8. Rosenblatt, F. (1957). The Perceptron—a perceiving and recognizing automaton. Report 85-"" as presented in the textbook.","The textbook describes ""8. Rosenblatt, F. (1957). The Perceptron—a perceiving and recognizing automaton. Report 85-"" in detail. [Insert concise explanation based on context here]"
"Explain the concept of ""10. Hassan, H., Negm, A., Zahran, M., and Saavedra, O. (2015). Assessment of Artificial Neural"" as presented in the textbook.","The textbook describes ""10. Hassan, H., Negm, A., Zahran, M., and Saavedra, O. (2015). Assessment of Artificial Neural"" in detail. [Insert concise explanation based on context here]"
"Explain the concept of ""11. Pollack, J. B. (1989). “No Harm Intended: A Review of the Perceptrons expanded edition”."" as presented in the textbook.","The textbook describes ""11. Pollack, J. B. (1989). “No Harm Intended: A Review of the Perceptrons expanded edition”."" in detail. [Insert concise explanation based on context here]"
"Explain the concept of ""12. Crevier, D. (1993), AI: The Tumultuous Search for Artificial Intelligence, New York, NY:"" as presented in the textbook.","The textbook describes ""12. Crevier, D. (1993), AI: The Tumultuous Search for Artificial Intelligence, New York, NY:"" in detail. [Insert concise explanation based on context here]"
"Explain the concept of ""13. Cybenko, G. Approximation by superpositions of a sigmoidal function. Math. Control Signal"" as presented in the textbook.","The textbook describes ""13. Cybenko, G. Approximation by superpositions of a sigmoidal function. Math. Control Signal"" in detail. [Insert concise explanation based on context here]"
"Explain the concept of ""14. Goodfellow, I., Bengio, Y., and Courville, A. (2016). 6.5 Back-Propagation and Other"" as presented in the textbook.","The textbook describes ""14. Goodfellow, I., Bengio, Y., and Courville, A. (2016). 6.5 Back-Propagation and Other"" in detail. [Insert concise explanation based on context here]"
"Explain the concept of ""15. Rumelhart, D., Hinton, G., and Williams, R. (1986) Learning representations by back-"" as presented in the textbook.","The textbook describes ""15. Rumelhart, D., Hinton, G., and Williams, R. (1986) Learning representations by back-"" in detail. [Insert concise explanation based on context here]"
"Explain the concept of ""16. Overview of PyTorch Autograd Engine: https://pytorch.org/blog/overview-of-pytorch-"" as presented in the textbook.","The textbook describes ""16. Overview of PyTorch Autograd Engine: https://pytorch.org/blog/overview-of-pytorch-"" in detail. [Insert concise explanation based on context here]"
"Explain the concept of ""17. Berland (2007). ReverseaccumulationAD.png. Wikipedia. Available from https://commons."" as presented in the textbook.","The textbook describes ""17. Berland (2007). ReverseaccumulationAD.png. Wikipedia. Available from https://commons."" in detail. [Insert concise explanation based on context here]"
"Explain the concept of ""18. Automatic differentiation. Wikipedia. https://en.wikipedia.org/wiki/Automatic_"" as presented in the textbook.","The textbook describes ""18. Automatic differentiation. Wikipedia. https://en.wikipedia.org/wiki/Automatic_"" in detail. [Insert concise explanation based on context here]"
"Explain the concept of ""19. Wengert, R.E. (1964). A simple automatic derivative evaluation program. Comm. ACM. 7"" as presented in the textbook.","The textbook describes ""19. Wengert, R.E. (1964). A simple automatic derivative evaluation program. Comm. ACM. 7"" in detail. [Insert concise explanation based on context here]"
"Explain the concept of ""20. Bartholomew-Biggs, M., Brown, S., Christianson, B., and Dixon, L. (2000). Automatic"" as presented in the textbook.","The textbook describes ""20. Bartholomew-Biggs, M., Brown, S., Christianson, B., and Dixon, L. (2000). Automatic"" in detail. [Insert concise explanation based on context here]"
"Explain the concept of ""21. The PyTorch authors (2018). automatic_differentiation.ipynb. Available from https://"" as presented in the textbook.","The textbook describes ""21. The PyTorch authors (2018). automatic_differentiation.ipynb. Available from https://"" in detail. [Insert concise explanation based on context here]"
"Explain the concept of ""22. The PyTorch authors. Introduction to gradients and automatic differentiation. PyTorch."" as presented in the textbook.","The textbook describes ""22. The PyTorch authors. Introduction to gradients and automatic differentiation. PyTorch."" in detail. [Insert concise explanation based on context here]"
"Explain the concept of ""23. Thomas (2018). The vanishing gradient problem and ReLUs—a PyTorch investigation."" as presented in the textbook.","The textbook describes ""23. Thomas (2018). The vanishing gradient problem and ReLUs—a PyTorch investigation."" in detail. [Insert concise explanation based on context here]"
"Explain the concept of ""24. Hinton, Osindero, and Yee-Whye (2005). A Fast Learning Algorithm for Deep Belief Nets."" as presented in the textbook.","The textbook describes ""24. Hinton, Osindero, and Yee-Whye (2005). A Fast Learning Algorithm for Deep Belief Nets."" in detail. [Insert concise explanation based on context here]"
"Explain the concept of ""25. Cortes, C. and Vapnik, V. Support-vector networks. Mach Learn 20, 273–297 (1995). https://"" as presented in the textbook.","The textbook describes ""25. Cortes, C. and Vapnik, V. Support-vector networks. Mach Learn 20, 273–297 (1995). https://"" in detail. [Insert concise explanation based on context here]"
"Explain the concept of ""26. Friedman, J. H. (February 1999). Greedy Function Approximation: A Gradient Boosting"" as presented in the textbook.","The textbook describes ""26. Friedman, J. H. (February 1999). Greedy Function Approximation: A Gradient Boosting"" in detail. [Insert concise explanation based on context here]"
"Explain the concept of ""27. Breiman, L. Random Forests. Machine Learning 45, 5–32 (2001). https://doi."" as presented in the textbook.","The textbook describes ""27. Breiman, L. Random Forests. Machine Learning 45, 5–32 (2001). https://doi."" in detail. [Insert concise explanation based on context here]"
"Explain the concept of ""28. Tibshirani, R. (1996). Regression Shrinkage and Selection via the lasso. Journal of the Royal"" as presented in the textbook.","The textbook describes ""28. Tibshirani, R. (1996). Regression Shrinkage and Selection via the lasso. Journal of the Royal"" in detail. [Insert concise explanation based on context here]"
"Explain the concept of ""29. Zou, H. and Hastie, T. (2005). Regularization and variable selection via the elastic net. Journal"" as presented in the textbook.","The textbook describes ""29. Zou, H. and Hastie, T. (2005). Regularization and variable selection via the elastic net. Journal"" in detail. [Insert concise explanation based on context here]"
"Explain the concept of ""30. Hubel, D. H. and Wiesel, T. N. (1962) Receptive fields, binocular interaction and functional"" as presented in the textbook.","The textbook describes ""30. Hubel, D. H. and Wiesel, T. N. (1962) Receptive fields, binocular interaction and functional"" in detail. [Insert concise explanation based on context here]"
"Explain the concept of ""31. http://charlesfrye.github.io/FoundationalNeuroscience/img/corticalLayers."" as presented in the textbook.","The textbook describes ""31. http://charlesfrye.github.io/FoundationalNeuroscience/img/corticalLayers."" in detail. [Insert concise explanation based on context here]"
"Explain the concept of ""32. Wolfe, Kluender, and Levy (2009). Sensation and Perception. Sunderland: Sinauer Associates"" as presented in the textbook.","The textbook describes ""32. Wolfe, Kluender, and Levy (2009). Sensation and Perception. Sunderland: Sinauer Associates"" in detail. [Insert concise explanation based on context here]"
"Explain the concept of ""33. LeCun, Yann, et al. Backpropagation applied to handwritten zip code recognition. Neural"" as presented in the textbook.","The textbook describes ""33. LeCun, Yann, et al. Backpropagation applied to handwritten zip code recognition. Neural"" in detail. [Insert concise explanation based on context here]"
"Explain the concept of ""34. ImageNet Classification with Deep Convolutional Neural Networks: https://www.nvidia."" as presented in the textbook.","The textbook describes ""34. ImageNet Classification with Deep Convolutional Neural Networks: https://www.nvidia."" in detail. [Insert concise explanation based on context here]"
"Explain the concept of ""35. Nair, V. and Hinton, G E. (2010). Rectified Linear Units Improve Restricted Boltzmann Machines."" as presented in the textbook.","The textbook describes ""35. Nair, V. and Hinton, G E. (2010). Rectified Linear Units Improve Restricted Boltzmann Machines."" in detail. [Insert concise explanation based on context here]"
"Explain the concept of ""36. Agarap, A F. (2019). Avoiding the vanishing gradients problem using gradient noise addition."" as presented in the textbook.","The textbook describes ""36. Agarap, A F. (2019). Avoiding the vanishing gradients problem using gradient noise addition."" in detail. [Insert concise explanation based on context here]"
"Explain the concept of ""37. Maas, A L., Hannun, A Y., and Ng, A Y. (2013). Rectifier Nonlinearities Improve Neural Network"" as presented in the textbook.","The textbook describes ""37. Maas, A L., Hannun, A Y., and Ng, A Y. (2013). Rectifier Nonlinearities Improve Neural Network"" in detail. [Insert concise explanation based on context here]"
"Explain the concept of ""38. He, K., Zhang, X., Ren, S., and Sun, J. (2015). Delving Deep into Rectifiers: Surpassing Human-"" as presented in the textbook.","The textbook describes ""38. He, K., Zhang, X., Ren, S., and Sun, J. (2015). Delving Deep into Rectifiers: Surpassing Human-"" in detail. [Insert concise explanation based on context here]"
